,Date,Open,High,Low,Close,Adj Close,Volume,change,log_return
0,2022-07-29,134.899994,137.649994,132.410004,134.949997,134.949997,148715600,0.103614639381866,0.0985908283888761
1,2022-07-28,121.57,122.839996,118.080002,122.279999,122.279999,82245500,0.0108291145670075,0.0107708996064123
2,2022-07-27,117.309998,121.900002,117.160004,120.970001,120.970001,61582000,0.0536538899687116,0.0522640185526341
3,2022-07-26,115.790001,118.150002,114.529999,114.809998,114.809998,67075100,-0.0522535995728381,-0.0536683226122545
4,2022-07-25,122.699997,123.639999,120.029999,121.139999,121.139999,50221300,-0.0104557998767489,-0.0105108457878345
5,2022-07-22,125.010002,125.5,121.349998,122.419998,122.419998,51402700,-0.017732480568061,-0.0178915846813104
6,2022-07-21,123.199997,124.849998,121.260002,124.629997,124.629997,60239900,0.0151502813834882,0.0150366620102233
7,2022-07-20,118.620003,123.480003,118.32,122.769997,122.769997,71268300,0.0385754000387058,0.0378499664540468
8,2022-07-19,115.699997,118.949997,114.029999,118.209999,118.209999,60990000,0.0391174131660089,0.0383717116669616
9,2022-07-18,115,117.239998,113.150002,113.760002,113.760002,59115400,0.00184939669266232,0.00184768866415613
10,2022-07-15,112.5,115.589996,111.589996,113.550003,113.550003,83891100,0.0263943422144357,0.0260520220422456
11,2022-07-14,110.239998,111.18,107.580002,110.629997,110.629997,51163100,0.00208328800573756,0.00208112097046391
12,2022-07-13,107.029999,111.779999,106.010002,110.400002,110.400002,61353800,0.0108038911297941,0.0107459460790969
13,2022-07-12,112.160004,113.230003,108.339996,109.220001,109.220001,54280300,-0.0226398120805369,-0.0229000276138383
14,2022-07-11,114.080002,114.300003,110.870003,111.75,111.75,53487600,-0.0328025010143457,-0.0333525655144525
15,2022-07-08,114.599998,116.580002,113.690002,115.540001,115.540001,45658200,-0.00679103401029762,-0.00681419801301375
16,2022-07-07,113.849998,116.989998,113.489998,116.330002,116.330002,57872300,0.0174932210707037,0.0173419759740448
17,2022-07-06,113.209999,115.480003,112.010002,114.330002,114.330002,66958900,0.00731279295154179,0.00728618412564229
18,2022-07-05,107.599998,114.080002,106.32,113.5,113.5,76583700,0.0359620488492525,0.0353305107814177
19,2022-07-01,106.290001,109.75,105.849998,109.559998,109.559998,72952000,0.031541277012911,0.0310540692219007
20,2022-06-30,108.110001,108.18,102.519997,106.209999,106.209999,97679400,-0.0248806376217525,-0.0251953925253192
21,2022-06-29,107.379997,110.989998,106.910004,108.919998,108.919998,66375300,0.0141526626787214,0.01405344874672
22,2022-06-28,113.5,114.849998,107.040001,107.400002,107.400002,74942900,-0.0514043362356091,-0.0527726367441374
23,2022-06-27,117.089996,117.980003,112.699997,113.220001,113.220001,62133200,-0.0278206940393328,-0.028215020381459
24,2022-06-24,112.379997,116.709999,111.43,116.459999,116.459999,69867600,0.0357523739638495,0.0351280939967392
25,2022-06-23,110.389999,113,107.93,112.440002,112.440002,64345300,0.0320330894547892,0.0315307299705336
26,2022-06-22,107.43,112.129997,107.019997,108.949997,108.949997,60040100,0.00248433014354057,0.00248124929691473
27,2022-06-21,108.199997,111.629997,103.559998,108.68,108.68,70901200,0.0231594706914003,0.0228953601494711
28,2022-06-17,102.800003,106.980003,102.510002,106.220001,106.220001,99772100,0.024696092043369,0.0243960730594256
29,2022-06-16,104.470001,104.580002,102.010002,103.660004,103.660004,82186300,-0.0372433739619834,-0.0379546239030989
30,2022-06-15,103.860001,109.059998,103.529999,107.669998,107.669998,85011100,0.052389796743032,0.0510635749099321
31,2022-06-14,104.190002,104.879997,101.43,102.309998,102.309998,69728800,-0.0131185494958726,-0.0132053577006194
32,2022-06-13,104.190002,106.540001,101.860001,103.669998,103.669998,99277700,-0.0545371991876479,-0.0560807350607147
33,2022-06-10,113.419998,114.5,109.050003,109.650002,109.650002,87266000,-0.0559621169873075,-0.0575889833317801
34,2022-06-09,119.989998,121.300003,116.099998,116.150002,116.150002,67029800,-0.0415084832480608,-0.0423945670813118
35,2022-06-08,122.610001,123.75,120.75,121.18,121.18,64926600,-0.0147967479674796,-0.0149073118555745
36,2022-06-07,122.010002,124.099998,120.629997,123,123,85156700,-0.0143441059832991,-0.0144479771608081
37,2022-06-06,125.25,128.990005,123.809998,124.790001,124.790001,135269000,0.0199428119320444,0.0197465589910919
38,2022-06-03,124.199997,124.400002,121.046501,122.349998,122.349998,97604000,-0.0251850750103963,-0.0255076465259691
39,2022-06-02,121.683998,125.610001,120.044998,125.511002,125.511002,100560000,0.0314503473168263,0.0309659159835928
40,2022-06-01,122.255997,125.179001,120.622498,121.683998,121.683998,127528000,0.0122660435589689,0.0121914252083057
41,2022-05-31,116.279999,121.994499,115.675003,120.209503,120.209503,144634000,0.0439700989608889,0.0430308482082298
42,2022-05-27,113.550003,115.186996,112.627998,115.1465,115.1465,93660000,0.0366320905370763,0.0359770837871342
43,2022-05-26,107.970001,112.665497,107.453499,111.077499,111.077499,93002000,0.0402949840263173,0.039504311422334
44,2022-05-25,103.655502,108.175003,103.650002,106.775002,106.775002,93120000,0.0256964846435444,0.0253718790498792
45,2022-05-24,104.025002,105.400002,101.260002,104.099998,104.099998,102934000,-0.0321411068748767,-0.0326689738962225
46,2022-05-23,108.460999,108.819,103.949997,107.556999,107.556999,107798000,-0.000316048731323714,-0.00031609868524955
47,2022-05-20,109.568497,109.898003,105.009499,107.591003,107.591003,99500000,0.00253452790279445,0.00253132140378074
48,2022-05-19,106.280502,110.033997,106.193001,107.319,107.319,88142000,0.00192785150394627,0.00192599558314594
49,2022-05-18,111.439499,112.852997,106.249001,107.112503,107.112503,108380000,-0.0715619688216454,-0.0742516412046284
50,2022-05-17,113.275002,115.800003,111.276497,115.3685,115.3685,76448000,0.0411332767099392,0.0403098090171931
51,2022-05-16,113.099998,113.9925,110.353996,110.810501,110.810501,74566000,-0.0198531599663881,-0.0200528817729351
52,2022-05-13,109.069,113.183998,107.800003,113.055,113.055,93684000,0.0572755596308092,0.0556953726571526
53,2022-05-12,102.75,110.780502,102.405502,106.930496,106.930496,132026000,0.0147903994459554,0.0146820881601575
54,2022-05-11,108.1035,110.155998,104.428497,105.372002,105.372002,109704000,-0.032032252436342,-0.0325565108932227
55,2022-05-10,111.25,112.642502,107.170998,108.859001,108.859001,105434000,0.000643447401451985,0.000643240477931017
56,2022-05-09,111.3125,114,107.957001,108.789001,108.789001,128124000,-0.0521335516097806,-0.0535416638767506
57,2022-05-06,114.849998,119.050499,113.081497,114.772499,114.772499,124260000,-0.0140412434654487,-0.0141407543268249
58,2022-05-05,123,123.499001,115.072502,116.406998,116.406998,144392000,-0.075610360060122,-0.0786216079793333
59,2022-05-04,123.599998,126,119.182999,125.928497,125.928497,110746000,0.0134804651220212,0.0133904120542242
60,2022-05-03,124.053497,126.220497,122.824997,124.253502,124.253502,79134000,-0.00197990361445785,-0.00198186621455303
61,2022-05-02,122.401001,124.667999,118.375,124.5,124.5,148788000,0.00175808947014494,0.00175654583981448
62,2022-04-29,129.848999,130.761002,121.625,124.281502,124.281502,272662000,-0.140494378643212,-0.15139791391676
63,2022-04-28,142.177994,145.9375,140.300003,144.596497,144.596497,117316000,0.0465341917698195,0.0454839348688159
64,2022-04-27,140.191498,141.948502,135.783493,138.167007,138.167007,71336000,-0.00878104717889755,-0.00881982776334496
65,2022-04-26,144.800003,144.856003,138.929504,139.391006,139.391006,77530000,-0.0457507754374229,-0.0468303999716661
66,2022-04-25,144.022995,146.221497,142.306503,146.074005,146.074005,61874000,0.0119431862025693,0.0118724291733201
67,2022-04-22,148.25,149.615005,143.697495,144.350006,144.350006,73078000,-0.0266089366331885,-0.0269693624685563
68,2022-04-21,154.714005,156.738007,147.589493,148.296005,148.296005,63970000,-0.0370264286742266,-0.0377293116667622
69,2022-04-20,157.602493,157.602493,153.6035,153.998001,153.998001,59630000,-0.0260410469324406,-0.0263861188687374
70,2022-04-19,152.029495,158.649002,151.550507,158.115494,158.115494,54926000,0.0348888297964113,0.0342940101236534
71,2022-04-18,151.523499,154.039505,150.250504,152.785004,152.785004,46514000,0.00710916817227659,0.00708401716768766
72,2022-04-14,155.389999,155.897003,151.472,151.706497,151.706497,51598000,-0.0246526832153579,-0.0249616490731825
73,2022-04-13,150.018494,156.024994,149.600006,155.541,155.541,53390000,0.0315244553484424,0.0310377617778818
74,2022-04-12,153.692505,155.098999,150.382996,150.787506,150.787506,55178000,-0.00221336412488041,-0.00221581723567509
75,2022-04-11,152.712997,154.136505,150.5345,151.121994,151.121994,52112000,-0.0216139473073682,-0.0218509499309039
76,2022-04-08,156.75,157.3685,154.231003,154.460495,154.460495,46002000,-0.0210667397621439,-0.0212918101361185
77,2022-04-07,158.399994,160.078995,154.511505,157.7845,157.7845,68136000,-0.00611943497164393,-0.00613823545194875
78,2022-04-06,161.650497,162.199997,157.254501,158.755997,158.755997,79056000,-0.032300120240778,-0.0328332813494362
79,2022-04-05,167.741501,168.110504,163.266006,164.054993,164.054993,53728000,-0.0254920896869033,-0.0258226427631089
80,2022-04-04,164.125,168.394501,163.205505,168.346497,168.346497,49882000,0.0292644843392575,0.0288444542812766
81,2022-04-01,164.149506,165.826996,162.319504,163.559998,163.559998,57090000,0.00345097321677907,0.00344503227280989
82,2022-03-31,166.445007,166.494995,162.953506,162.997498,162.997498,59966000,-0.0198645654525398,-0.0200645183482383
83,2022-03-30,168.509506,168.9505,165.5,166.300995,166.300995,56168000,-0.0178011810199783,-0.0179615278008254
84,2022-03-29,170.384003,170.831497,167.8685,169.315002,169.315002,66154000,0.00192027369302785,0.00191843232441085
85,2022-03-28,164.975006,169.037506,164.899994,168.990494,168.990494,59854000,0.0255926773758687,0.025270667314658
86,2022-03-25,164,165.3685,162.25,164.773499,164.773499,49032000,0.00686829448785494,0.00684481520040042
87,2022-03-24,163.749496,164.1185,160.050003,163.649506,163.649506,56798000,0.00147790189348435,0.00147681087129779
88,2022-03-23,163.705002,166.369995,162.686996,163.408005,163.408005,55812000,-0.00898181763577586,-0.00902239732881327
89,2022-03-22,161.805496,166.167007,161.699005,164.889008,164.889008,64086000,0.0210383021952344,0.0208200528718629
90,2022-03-21,161.121002,163.084,159.552994,161.491501,161.491501,66538000,0.00149455036742082,0.00149343463855745
91,2022-03-18,156.813004,161.593994,156.011002,161.250504,161.250504,102962000,0.0255121569777492,0.0251921531433565
92,2022-03-17,152.640503,157.498505,152.139999,157.238998,157.238998,72934000,0.0270077456628764,0.0266494729460974
93,2022-03-16,148.5,153.149994,147.3535,153.104004,153.104004,84958000,0.0389335633340443,0.0381947671795326
94,2022-03-15,142.850006,147.985001,142,147.366501,147.366501,75584000,0.0388677300910323,0.0381313989996759
95,2022-03-14,145.981003,147.449997,140.884003,141.852997,141.852997,74086000,-0.0252294895266644,-0.0255532095625694
96,2022-03-11,149.574493,149.675003,145.369003,145.524506,145.524506,68900000,-0.00880684493310255,-0.00884585439434038
97,2022-03-10,145.684998,148.6745,143.977997,146.817505,146.817505,135062000,0.0541251561335443,0.0527111870293841
98,2022-03-09,139.5,140.25,136.828003,139.279007,139.279007,82656000,0.0240011991074834,0.0237176976200321
99,2022-03-08,136.683502,140.699493,133.572495,136.014496,136.014496,91662000,-0.0104654461423443,-0.0105205940260751
100,2022-03-07,145.443497,146.094498,137.416504,137.453003,137.453003,86934000,-0.0562204507156454,-0.0578626684090876
101,2022-03-04,147.158997,147.850006,143.807007,145.641006,145.641006,60934000,-0.0152637992627632,-0.0153814901897137
102,2022-03-03,153.531494,153.929001,146.856003,147.898499,147.898499,65198000,-0.0273195499146825,-0.027699667915366
103,2022-03-02,150.848999,152.999496,148.75,152.052505,152.052505,47334000,0.00602418263651639,0.00600610979470952
104,2022-03-01,152.732498,154.098999,149.977005,151.141998,151.141998,44874000,-0.0157655550942466,-0.0158911532905374
105,2022-02-28,152.425003,154.449997,150.850006,153.563004,153.563004,57684000,-0.00146626050018381,-0.00146733651204879
106,2022-02-25,150.550003,153.990005,149.213501,153.788498,153.788498,62396000,0.0160579286716536,0.0159303639400243
107,2022-02-24,139.837494,151.748993,139.5,151.358002,151.358002,100786000,0.045095225202351,0.0441080058607319
108,2022-02-23,151.650497,151.763,144.651001,144.826996,144.826996,64244000,-0.0357562487976247,-0.0364111623893896
109,2022-02-22,150.4785,152.982498,148.485504,150.197495,150.197495,66128000,-0.0157534885584121,-0.0158788935470069
110,2022-02-18,155.499496,155.499496,150.893005,152.601501,152.601501,63604000,-0.0132619586042763,-0.0133506836960755
111,2022-02-17,158.145996,160.348999,154.5,154.652496,154.652496,64032000,-0.0218089008627638,-0.0220502301441666
112,2022-02-16,155.790497,158.834,154.734497,158.100494,158.100494,52704000,0.0101590373829108,0.0101077812125669
113,2022-02-15,157.605499,158.007004,154.637497,156.510498,156.510498,56440000,0.00865835480090171,0.00862108621555768
114,2022-02-14,151.751007,158.448502,151.649994,155.167007,155.167007,83230000,0.0122216790883827,0.0121475973598114
115,2022-02-11,158.134506,159,152.733994,153.293503,153.293503,77100000,-0.0359111039408983,-0.036571772794266
116,2022-02-10,158.350006,160.716507,157.75,159.003494,159.003494,68268000,-0.0135617085080711,-0.0136545084491953
117,2022-02-09,162.873505,163.834503,160.25,161.189499,161.189499,68786000,-0.00138773400474843,-0.00138869779934597
118,2022-02-08,156.750504,161.792496,155.550507,161.413498,161.413498,76040000,0.0220216289433243,0.0217826549072044
119,2022-02-07,158.520004,162.690994,157.25,157.935501,157.935501,102624000,0.00187773373748911,0.0018759729992818
120,2022-02-04,155.606506,161.199997,150.608002,157.639496,157.639496,253456000,0.135359016483825,0.126948914999279
121,2022-02-03,141.737503,144.247498,138.332993,138.845505,138.845505,225532000,-0.0781276306124466,-0.0813484930037285
122,2022-02-02,155.050507,155.074997,148.863495,150.612503,150.612503,87330000,-0.00384271818251551,-0.00385012039318857
123,2022-02-01,150,151.707993,147.627502,151.193497,151.193497,59220000,0.0108307619888449,0.0107725293779248
124,2022-01-31,144.75,150.360504,144.300507,149.573502,149.573502,78308000,0.0388636119170348,0.0381274348933315
125,2022-01-28,140.860504,143.998001,137.929504,143.977997,143.977997,74392000,0.0310840576009465,0.0306107318772261
126,2022-01-27,140.800003,144.2435,139.350006,139.637497,139.637497,77516000,0.00550864289918648,0.00549352581688601
127,2022-01-26,144.75,145.184998,137.318497,138.872498,138.872498,95602000,-0.00795432445840726,-0.00798612886451714
128,2022-01-25,142.242493,143.600006,138.145004,139.985992,139.985992,90824000,-0.0315337462004477,-0.0320416405216471
129,2022-01-24,139,144.945007,135.352005,144.544006,144.544006,155624000,0.0133269836820951,0.0132389606271929
130,2022-01-21,149.949997,150.899994,142.070496,142.643005,142.643005,163972000,-0.0595018130977781,-0.0613455580449071
131,2022-01-20,156.766006,158,151.350998,151.667496,151.667496,71974000,-0.0296323080667773,-0.0300802154625754
132,2022-01-19,158.761993,159.25,156.25,156.298996,156.298996,53242000,-0.0164771033140367,-0.0166143606045326
133,2022-01-18,159.104996,159.734497,157.664505,158.917496,158.917496,67292000,-0.0198627342140646,-0.0200626499974983
134,2022-01-14,160.149994,162.25,159.800507,162.138,162.138,45974000,0.00573148095911406,0.00571511851304998
135,2022-01-13,165.250504,166.221497,161.091003,161.214005,161.214005,52188000,-0.0241696536819284,-0.0244665331722258
136,2022-01-12,166.574997,166.878006,164.417007,165.207001,165.207001,50030000,-0.000937331430437487,-0.000937771000245946
137,2022-01-11,161.5,166.350006,160.701508,165.362,165.362,62806000,0.0240021314046855,0.0237186080650379
138,2022-01-10,160.585495,161.661499,156.304504,161.485992,161.485992,87798000,-0.00657017971523192,-0.0065918583531809
139,2022-01-07,163.839005,165.2435,162.031006,162.554001,162.554001,46606000,-0.00428777860619374,-0.00429699749067644
140,2022-01-06,163.4505,164.800003,161.936996,163.253998,163.253998,51958000,-0.00671098300379619,-0.00673360290823108
141,2022-01-05,166.882996,167.126495,164.356995,164.356995,164.356995,64302000,-0.0188930883306117,-0.019073843021188
142,2022-01-04,170.438004,171.399994,166.349503,167.522003,167.522003,70726000,-0.016915586645763,-0.0170602893232491
143,2022-01-03,167.550003,170.703506,166.160507,170.404495,170.404495,63520000,0.0221183209306286,0.0218772589849561
144,2021-12-31,168.955994,169.350006,166.558502,166.716995,166.716995,47830000,-0.0114294032036063,-0.0114952208170203
145,2021-12-30,169.699997,170.888,168.524002,168.644501,168.644501,37584000,-0.00328900530637525,-0.00329442597332622
146,2021-12-29,170.839996,171.212006,168.600494,169.201004,169.201004,35754000,-0.00855491906630453,-0.00859172243664946
147,2021-12-28,170.182495,172.175995,169.135498,170.660995,170.660995,54638000,0.00584371398052432,0.00582670571278188
148,2021-12-27,171.037003,172.942993,169.2155,169.669495,169.669495,58688000,-0.00817802239765978,-0.00821164586394605
149,2021-12-23,170.427994,171.975006,170.149994,171.068497,171.068497,36788000,0.000184135593161728,0.000184118642284245
150,2021-12-22,169.270004,172.050003,168.500504,171.037003,171.037003,55036000,0.00363811107186025,0.0036315091532715
151,2021-12-21,167.850494,170.716507,165.647507,170.417007,170.417007,55956000,0.0199786454305643,0.0197816912246338
152,2021-12-20,166.850006,167.874496,165.600006,167.078995,167.078995,57372000,-0.0172835559012037,-0.0174346601638592
153,2021-12-17,167.710495,170.898499,165.613495,170.017502,170.017502,85542000,0.0067892058815403,0.0067662630073479
154,2021-12-16,173.3685,174.166,168.160507,168.871002,168.871002,60876000,-0.0256411732897767,-0.0259756379375166
155,2021-12-15,168.598007,173.600006,165.195007,173.315002,173.315002,75794000,0.0249775702809248,0.0246707296981864
156,2021-12-14,167.550003,169.498993,166.440002,169.091507,169.091507,55976000,-0.00280712982124732,-0.00281107719909602
157,2021-12-13,172,172.100006,169.130005,169.567505,169.567505,62170000,-0.0153560780193222,-0.015475203694346
158,2021-12-10,175.417007,175.927002,170.5,172.212006,172.212006,60690000,-0.0112475609818064,-0.0113112931339671
159,2021-12-09,175.75,176.969498,174.139496,174.171005,174.171005,46062000,-0.0112796463606635,-0.0113437440268229
160,2021-12-08,176.150497,177.179993,174.750504,176.158005,176.158005,45254000,-3.68973307079562E-05,-3.6898011431248E-05
161,2021-12-07,174.600006,177.499496,173.334503,176.164505,176.164505,66410000,0.0279865027703457,0.0276020373459483
162,2021-12-06,169.649994,173.695496,166.934494,171.3685,171.3685,68860000,0.0110862205495183,0.0110252188446428
163,2021-12-03,172.75,173.4935,166.929993,169.489502,169.489502,80712000,-0.0138390744952889,-0.0139357272458528
164,2021-12-02,173,174.634995,171.1875,171.867996,171.867996,64726000,-0.00184689226049463,-0.00184859986884189
165,2021-12-01,177.25,177.994003,172.080002,172.186005,172.186005,74916000,-0.0180634831925225,-0.0182286195529306
166,2021-11-30,178.175003,179.288498,174.600494,175.3535,175.3535,80022000,-0.0153022734815622,-0.0154205615373445
167,2021-11-29,177.382004,179.800003,176.574997,178.078506,178.078506,65312000,0.0162674289999447,0.0161365320402671
168,2021-11-26,180.104996,181.675003,175.207504,175.227997,175.227997,59826000,-0.0211847031389864,-0.0214123193573436
169,2021-11-24,178.133499,180.682007,176.842499,179.020493,179.020493,46560000,0.000103317281948207,0.00010331194508545
170,2021-11-23,179.251999,181.052505,176.385498,179.001999,179.001999,73804000,0.00209095979950446,0.00208877678559612
171,2021-11-22,183.819,185.673004,178.375,178.628494,178.628494,96844000,-0.028287299468125,-0.0286950937972614
172,2021-11-19,185.634506,188.107498,183.785995,183.828506,183.828506,98734000,-0.00527311803184319,-0.00528706998721699
173,2021-11-18,178.317505,185.210007,178.050003,184.802994,184.802994,114070000,0.0414370083083181,0.0406014981887109
174,2021-11-17,178.235992,179.362503,177.267502,177.449997,177.449997,51206000,0.00234412963890469,0.00234138645310834
175,2021-11-16,176.949997,178.824997,176.257507,177.035004,177.035004,44342000,-0.00140448661026078,-0.00140547382604252
176,2021-11-15,176.850006,179.694,176.290497,177.283997,177.283997,58594000,0.00582380868464227,0.00580691586614132
177,2021-11-12,174.25,177.036499,172.352493,176.257507,176.257507,53788000,0.0151620273578114,0.0150482326186196
178,2021-11-11,175.649994,177.162003,173.373505,173.625,173.625,45288000,-0.00274259714362625,-0.00274636495380611
179,2021-11-10,178.193497,180.272507,173.154495,174.102493,174.102493,80548000,-0.0263349962633554,-0.0266879731688141
180,2021-11-09,175.762497,179.688507,175.071503,178.811493,178.811493,85898000,0.0250072392215709,0.0246996752206221
181,2021-11-08,176.162003,178.949997,174.393005,174.449005,174.449005,61480000,-0.00852794727859767,-0.00856451828651043
182,2021-11-05,173.850006,178.3125,173.848999,175.949493,175.949493,99940000,0.0120764275383458,0.0120040892966357
183,2021-11-04,168.5,174.931503,168.25,173.850006,173.850006,107060000,0.0274823231823108,0.0271114635247543
184,2021-11-03,165.449997,169.746002,164.876007,169.199997,169.199997,67944000,0.0215078111208116,0.0212797819627125
185,2021-11-02,165.750504,166.556,164.177505,165.637497,165.637497,52552000,-0.00161540754688182,-0.00161671372451542
186,2021-11-01,168.089996,168.792999,164.600998,165.905502,165.905502,72178000,-0.0161071032066337,-0.016238232576089
187,2021-10-29,165.001007,168.740997,163.666,168.621506,168.621506,129722000,-0.0215112408622633,-0.0217459800630531
188,2021-10-28,170.104996,173.949997,169.300003,172.328506,172.328506,114174000,0.0159411527448253,0.0158154269520848
189,2021-10-27,169.399994,171.850006,168.572495,169.624496,169.624496,54044000,0.00486363739253578,0.00485184811857546
190,2021-10-26,167.475494,170.806,167.199005,168.803497,168.803497,53966000,0.0167752575806403,0.0166361069824062
191,2021-10-25,166.75,167.389999,164.884995,166.018494,166.018494,44520000,-0.00455098570373073,-0.00456137296600428
192,2021-10-22,171.050003,171.492004,166.565002,166.777496,166.777496,62782000,-0.0289548378850754,-0.0293823008404608
193,2021-10-21,170.712494,172.014008,170.149994,171.750504,171.750504,37628000,0.00584175952955117,0.00582476261481871
194,2021-10-20,172.632996,173.143005,170.018494,170.753006,170.753006,42796000,-0.00844619407525935,-0.00848206529879156
195,2021-10-19,171.714493,172.734497,171.100006,172.207504,172.207504,47722000,-0.000751446268017458,-0.000751728745284202
196,2021-10-18,169.417999,172.458496,169.255005,172.337006,172.337006,63482000,0.0110647749543323,0.0110040081682545
197,2021-10-15,165.570999,170.520996,165.199997,170.451004,170.451004,103598000,0.033080240569727,0.0325448643422025
198,2021-10-14,165.122498,165.630005,164.539001,164.992996,164.992996,42190000,0.00474375495561429,0.00473253880719435
199,2021-10-13,163.485504,164.419006,163.054504,164.214005,164.214005,48402000,0.011378603274822,0.0113143538880772
200,2021-10-12,162.850006,163.376495,161.813995,162.366501,162.366501,36392000,0.000317278128117861,0.000317227806056258
201,2021-10-11,163.75,164.629501,161.904999,162.315002,162.315002,40684000,-0.0128686075010188,-0.0129521253094772
202,2021-10-08,165.850006,166.071503,164.410004,164.431,164.431,39964000,-0.00418180536701258,-0.00419057356822126
203,2021-10-07,164.576996,166.287506,164.153,165.121506,165.121506,48182000,0.0123912071044985,0.0123150644520819
204,2021-10-06,160.676498,163.216995,159.931,163.100494,163.100494,50660000,0.0127320146650354,0.0126516440340951
205,2021-10-05,160.225006,163.036499,160.123001,161.050003,161.050003,65384000,0.00978754032927083,0.00973995261558563
206,2021-10-04,163.969498,163.999496,158.8125,159.488998,159.488998,90462000,-0.0284716785806184,-0.0288848583308049
207,2021-10-01,164.4505,165.458496,162.796997,164.162994,164.162994,56712000,-0.000541880771874286,-0.00054202764231971
208,2021-09-30,165.800003,166.392502,163.699493,164.251999,164.251999,56848000,-0.00487108011826289,-0.00488298249637755
209,2021-09-29,166.105499,167.565002,164.893494,165.056,165.056,51246000,-0.00447534941373589,-0.00448539376912655
210,2021-09-28,167.885498,168.459503,164.505005,165.798004,165.798004,88616000,-0.0263784672303088,-0.0267326209041582
211,2021-09-27,168.574997,170.778503,166.980499,170.289993,170.289993,72690000,-0.00575683688457905,-0.00577347134199692
212,2021-09-24,170.100494,171.462997,169.669998,171.276001,171.276001,42324000,0.00278687348735002,0.00278299735528917
213,2021-09-23,169.002502,171.447998,169.002502,170.800003,170.800003,47588000,0.0106359431294101,0.0105797793716599
214,2021-09-22,167.550003,169.449997,167.052505,169.002502,169.002502,48228000,0.0108923473429952,0.0108334530067691
215,2021-09-21,168.75,168.985001,166.619507,167.181503,167.181503,55618000,-0.00360574899414285,-0.00361226537605483
216,2021-09-20,169.800003,170.949997,165.250504,167.786499,167.786499,93382000,-0.030841744071415,-0.0313273616146868
217,2021-09-17,174.420502,174.870499,172.606506,173.126007,173.126007,92332000,-0.00737332280966931,-0.00740064011667888
218,2021-09-16,172.998001,174.627502,172.307007,174.412003,174.412003,51672000,0.00358190789484099,0.003575508140425
219,2021-09-15,172.126007,174.270996,170.100494,173.789505,173.789505,59150000,0.00747539130434777,0.00744758903602399
220,2021-09-14,173.777496,174.3405,171.885498,172.5,172.5,38738000,-0.00207397952446718,-0.0020761331983
221,2021-09-13,174.139999,174.897995,171.899994,172.858505,172.858505,51380000,-0.00345328963110176,-0.00345926599845828
222,2021-09-10,175.091507,175.422501,173.145493,173.457504,173.457504,47946000,-0.00430800554599115,-0.00431731173892111
223,2021-09-09,176.300995,177.499496,174.018494,174.207993,174.207993,54384000,-0.0117260023846604,-0.0117952941602848
224,2021-09-08,175.582504,177.281494,174.783493,176.274994,176.274994,61068000,0.00461917386328405,0.00460853821904484
225,2021-09-07,173.899994,176.404495,173.847,175.464493,175.464493,54758000,0.00898202749200328,0.00894192901462012
226,2021-09-03,172.600006,174.133499,171.822006,173.902496,173.902496,51514000,0.00431108349773338,0.00430181739900913
227,2021-09-02,174.738007,175.598007,172.75,173.156006,173.156006,58474000,-0.00456447837708215,-0.00457492741691116
228,2021-09-01,174.820007,176.350006,173.761993,173.949997,173.949997,72598000,0.00236540953600164,0.00236261635867028
229,2021-08-31,171.240005,173.628998,169.779495,173.539505,173.539505,87128000,0.0143852027793602,0.0142827174289736
230,2021-08-30,167.871506,172.25,167.761002,171.078506,171.078506,63844000,0.0214769981827128,0.0212496173349964
231,2021-08-27,166.661499,167.615997,165.6875,167.481506,167.481506,48048000,0.0101417549431528,0.010090672433692
232,2021-08-26,164.949997,166.600006,164.800003,165.800003,165.800003,41976000,0.00509825471783898,0.00508530262066318
233,2021-08-25,165.4935,166.050003,164.307495,164.959,164.959,33606000,-0.00199650913251034,-0.00199850481357453
234,2021-08-24,164,165.774506,163.729004,165.289001,165.289001,51036000,0.012220314729852,0.0121462494737917
235,2021-08-23,160.595001,164.044998,160.500504,163.293503,163.293503,65362000,0.020600353388026,0.0203910359028435
236,2021-08-20,160.193497,160.390503,158.787994,159.997498,159.997498,67168000,0.00382715715775379,0.00381985222395297
237,2021-08-19,159.701004,161.649994,159.123001,159.387497,159.387497,75658000,-0.00420782063688778,-0.00421669842699511
238,2021-08-18,162.099503,162.705002,160,160.061005,160.061005,56086000,-0.0125664839296883,-0.0126461099717417
239,2021-08-17,163.875,164.024506,161.283997,162.098007,162.098007,67758000,-0.0172870249440536,-0.0174381902248384
240,2021-08-16,164.149994,165,160.556503,164.949493,164.949493,66394000,0.00152394221533356,0.0015227821937833
241,2021-08-13,165.283493,165.303497,164.149994,164.698502,164.698502,41134000,-0.0028848251330137,-0.00288899426110527
242,2021-08-12,164.5,165.725494,163.483505,165.175003,165.175003,46282000,0.00345981150969929,0.00345384013112379
243,2021-08-11,166.572495,166.884995,163.889496,164.605499,164.605499,58944000,-0.0086036476011596,-0.00864087264507834
244,2021-08-10,167.250504,167.899994,165.75,166.033997,166.033997,48252000,-0.00634081494465734,-0.00636100329739144
245,2021-08-09,167.180496,167.744003,166.425995,167.093506,167.093506,42964000,-0.000917732488513426,-0.000918153862799334
246,2021-08-06,168.75,168.75,166.451996,167.246994,167.246994,52752000,-0.00919733766983903,-0.00923989431951218
247,2021-08-05,167.811005,169.449997,167.046005,168.7995,168.7995,48670000,0.00634036850004133,0.00632035292322053
248,2021-08-04,168.967499,169.444,167.278,167.735992,167.735992,43678000,-0.00342223973150424,-0.00342810898838941
249,2021-08-03,167.035995,169.550003,164.988495,168.311996,168.311996,83146000,0.0104337468502363,0.0103796909918768
250,2021-08-02,167.654999,167.945999,165.850006,166.574005,166.574005,67078000,0.0011690382458834,0.0011683554527622
251,2021-07-30,167.397507,168.406998,165.348999,166.379501,166.379501,199312000,,
